x,y,z
1.297549903392791748e-02,-1.840885146521031857e-03,-1.706017553806304932e-02
1.780543848872184753e-02,-9.652149863541126251e-03,-2.314718812704086304e-02
2.629420347511768341e-02,-3.618811955675482750e-03,-1.706653833389282227e-02
2.201162278652191162e-02,3.023271216079592705e-03,-1.222158223390579224e-02
3.821837902069091797e-02,-1.918367482721805573e-02,-2.821176871657371521e-02
4.556230828166007996e-02,-1.948332972824573517e-02,-3.587421774864196777e-02
5.289650335907936096e-02,-6.480532698333263397e-03,-2.700936049222946167e-02
4.586033150553703308e-02,-8.388663642108440399e-03,-2.060014568269252777e-02
2.927133627235889435e-02,9.906886145472526550e-03,-1.107806153595447540e-02
3.283952549099922180e-02,3.027820726856589317e-03,-1.518741808831691742e-02
3.406879678368568420e-02,1.656953617930412292e-02,-1.502512581646442413e-02
2.932819351553916931e-02,2.554116770625114441e-02,-1.143768057227134705e-02
2.611708641052246094e-02,1.782407797873020172e-02,-6.290257908403873444e-03
2.437677234411239624e-02,3.029052168130874634e-02,-9.322450496256351471e-03
2.762465551495552063e-02,2.829693630337715149e-02,-2.395892888307571411e-02
2.041960880160331726e-02,3.427980840206146240e-02,-1.658480428159236908e-02
5.765067879110574722e-03,2.391955815255641937e-02,-3.710845112800598145e-02
-5.273253656923770905e-03,2.037030830979347229e-02,-4.170420020818710327e-02
-8.842967450618743896e-03,2.866979315876960754e-02,-2.932406775653362274e-02
2.264595357701182365e-03,3.199965879321098328e-02,-2.558231726288795471e-02
-2.353113889694213867e-02,1.619731076061725616e-02,-3.666225448250770569e-02
-1.575782895088195801e-02,2.380123734474182129e-02,-3.225874155759811401e-02
-1.199736259877681732e-02,1.527219731360673904e-02,-4.495287314057350159e-02
-1.860818639397621155e-02,8.961113169789314270e-03,-4.869834333658218384e-02
1.477389479987323284e-03,-8.119082078337669373e-03,-2.655915543437004089e-02
3.683009417727589607e-03,-1.598752290010452271e-02,-3.338262066245079041e-02
8.310278877615928650e-03,-1.414318103343248367e-02,-2.970286086201667786e-02
5.352684296667575836e-03,-6.626591552048921585e-03,-2.372787334024906158e-02
4.175937920808792114e-02,2.041174285113811493e-02,-2.462175861001014709e-02
3.868240118026733398e-02,2.289166301488876343e-02,-3.019903227686882019e-02
3.628901019692420959e-02,2.413402684032917023e-02,-2.189070731401443481e-02
4.030749946832656860e-02,1.831487566232681274e-02,-1.940080337226390839e-02
3.168213414028286934e-03,-3.786725550889968872e-02,-5.209725350141525269e-02
8.179654367268085480e-03,-4.232523590326309204e-02,-6.528267264366149902e-02
1.352110970765352249e-02,-3.988860547542572021e-02,-6.413217633962631226e-02
7.331849541515111923e-03,-3.681503236293792725e-02,-5.272826552391052246e-02
3.357179090380668640e-02,-3.048245236277580261e-02,-5.225320160388946533e-02
2.977696619927883148e-02,-3.079628013074398041e-02,-6.220148876309394836e-02
4.033196717500686646e-02,-2.521376870572566986e-02,-7.093928754329681396e-02
4.078078269958496094e-02,-1.999117806553840637e-02,-6.313529610633850098e-02
4.056688770651817322e-02,-2.777503058314323425e-02,-4.371222481131553650e-02
4.490841925144195557e-02,-1.815870404243469238e-02,-5.384310707449913025e-02
4.835164174437522888e-02,-1.189513597637414932e-02,-4.461264610290527344e-02
5.494221299886703491e-02,-3.490348462946712971e-04,-3.404740989208221436e-02
-3.734791884198784828e-03,-4.374615475535392761e-02,-6.938850879669189453e-02
-1.042267121374607086e-02,-4.259829595685005188e-02,-5.977647751569747925e-02
1.330896466970443726e-02,6.455574184656143188e-02,2.520417980849742889e-02
8.143949322402477264e-03,6.348495930433273315e-02,2.751454524695873260e-02
9.148875251412391663e-03,5.863365158438682556e-02,2.519654855132102966e-02
1.373340561985969543e-02,6.058409810066223145e-02,2.310943230986595154e-02
-1.977746933698654175e-02,-3.185990080237388611e-02,-7.356718182563781738e-02
-1.988632231950759888e-02,-2.328775636851787567e-02,-7.846617698669433594e-02
-1.730846241116523743e-02,-2.847481891512870789e-02,-8.381937444210052490e-02
-1.560656912624835968e-02,-3.645516932010650635e-02,-7.927522063255310059e-02
-2.366115711629390717e-02,-2.626346983015537262e-02,-6.663711369037628174e-02
-2.104674838483333588e-02,-1.615789346396923065e-02,-7.136359810829162598e-02
1.150899007916450500e-02,7.080820947885513306e-02,1.468940079212188721e-02
1.459088083356618881e-02,6.930726021528244019e-02,1.812121830880641937e-02
1.489814929664134979e-02,6.601461023092269897e-02,1.480824034661054611e-02
1.155166141688823700e-02,6.770083308219909668e-02,1.151957642287015915e-02
2.014437504112720490e-02,1.005516387522220612e-02,-6.110902410000562668e-03
1.175541337579488754e-02,4.194531124085187912e-03,-1.030716858804225922e-02
1.213529426604509354e-02,2.456912957131862640e-02,6.115493364632129669e-03
1.111308857798576355e-02,1.553139742463827133e-02,-1.484279753640294075e-03
1.877700164914131165e-02,1.787636056542396545e-02,-7.672426290810108185e-04
1.860363781452178955e-02,2.544641494750976562e-02,3.485266584903001785e-03
-7.685020100325345993e-03,5.401814356446266174e-03,-1.199773699045181274e-02
-4.112047608941793442e-03,-1.870452426373958588e-03,-2.013047039508819580e-02
4.137010837439447641e-04,1.292375382035970688e-03,-1.724000088870525360e-02
-1.385034178383648396e-03,9.163155220448970795e-03,-7.817688398063182831e-03
-1.531150937080383301e-02,-8.274369873106479645e-03,-2.368310466408729553e-02
-1.843032240867614746e-02,-5.122284637764096260e-04,-1.507174596190452576e-02
-2.493702061474323273e-02,-4.964789375662803650e-03,-1.765459217131137848e-02
-2.154220081865787506e-02,-1.024471316486597061e-02,-2.382081747055053711e-02
-2.167440950870513916e-02,1.510016433894634247e-02,-3.629250568337738514e-04
-2.468466944992542267e-02,2.374151349067687988e-02,2.863273955881595612e-03
-2.696353755891323090e-02,2.359210513532161713e-02,1.048934413120150566e-03
-2.445200271904468536e-02,1.463614590466022491e-02,-2.120488090440630913e-03
-1.499372255057096481e-02,-3.198283538222312927e-02,-8.883523195981979370e-02
-1.232071686536073685e-02,-4.047731682658195496e-02,-8.398249000310897827e-02
-3.934734687209129333e-02,1.893876818940043449e-03,-4.207952320575714111e-02
-4.320588707923889160e-02,-9.278311394155025482e-03,-4.214608296751976013e-02
-4.909303411841392517e-02,-4.347479436546564102e-03,-3.376502171158790588e-02
-4.301379993557929993e-02,6.932469084858894348e-03,-3.602253273129463196e-02
-1.538546103984117508e-02,-1.473158411681652069e-02,-8.004922419786453247e-02
-1.583276130259037018e-02,-1.893912442028522491e-02,-8.660526573657989502e-02
5.719703156501054764e-03,7.171605527400970459e-02,1.291895657777786255e-02
5.838855169713497162e-03,6.841847300529479980e-02,1.032873988151550293e-02
4.357291758060455322e-02,-4.510315600782632828e-03,-5.115691572427749634e-02
5.161020532250404358e-02,6.354085635393857956e-03,-3.930601477622985840e-02
3.857873380184173584e-02,-1.146455947309732437e-02,-6.058752164244651794e-02
3.745592385530471802e-02,-1.463262550532817841e-02,-6.968916207551956177e-02
4.004470631480216980e-02,-1.644457690417766571e-02,-7.783960551023483276e-02
4.324172623455524445e-03,1.645260490477085114e-02,2.000642125494778156e-04
5.469067022204399109e-03,1.280223950743675232e-04,-1.656230352818965912e-02
-1.511704409494996071e-03,-1.021126843988895416e-02,-2.849981747567653656e-02
-2.939459681510925293e-02,-2.357203327119350433e-02,-3.289818763732910156e-02
-2.541922032833099365e-02,-2.998938411474227905e-02,-4.054393246769905090e-02
-1.717437803745269775e-02,-2.457525953650474548e-02,-3.497360274195671082e-02
-2.271991968154907227e-02,-1.946761086583137512e-02,-2.999171242117881775e-02
-4.405367374420166016e-02,-1.731781288981437683e-02,-3.635099530220031738e-02
-3.978029638528823853e-02,-1.888791285455226898e-02,-2.899756468832492828e-02
-4.382503405213356018e-02,-1.211452949792146683e-02,-2.232132479548454285e-02
-4.861045628786087036e-02,-1.118410937488079071e-02,-2.876594103872776031e-02
4.571845009922981262e-02,2.243900299072265625e-02,-2.874030172824859619e-02
4.192084446549415588e-02,1.929278485476970673e-02,-3.631547838449478149e-02
-1.608324795961380005e-02,-3.941679000854492188e-02,-6.765840947628021240e-02
-9.832277894020080566e-03,-4.200442880392074585e-02,-7.339707016944885254e-02
-5.790418945252895355e-03,-4.388404265046119690e-02,-8.017703890800476074e-02
5.083952564746141434e-03,-2.861324138939380646e-02,-4.128282889723777771e-02
1.055609621107578278e-02,-3.623258322477340698e-02,-5.215198546648025513e-02
1.533894799649715424e-02,-3.581341356039047241e-02,-4.890922829508781433e-02
7.127515040338039398e-03,-2.716441452503204346e-02,-3.936934098601341248e-02
2.219204604625701904e-02,-1.900833845138549805e-02,-2.817123010754585266e-02
2.850236929953098297e-02,-2.931641973555088043e-02,-3.648149594664573669e-02
3.085158206522464752e-02,-1.116610970348119736e-02,-2.101675607264041901e-02
2.147532440721988678e-02,-3.750533238053321838e-02,-6.358856707811355591e-02
1.771272718906402588e-02,-4.288524761795997620e-02,-7.332131266593933105e-02
2.592719905078411102e-02,-3.915097191929817200e-02,-7.235877960920333862e-02
9.044239297509193420e-03,-4.674223437905311584e-02,-7.556053251028060913e-02
6.669699214398860931e-04,-4.580903425812721252e-02,-7.778134196996688843e-02
-1.420194096863269806e-02,-2.201019972562789917e-02,-9.420941025018692017e-02
3.311121463775634766e-02,-3.391338139772415161e-02,-7.229831814765930176e-02
4.969261959195137024e-02,-5.217373254708945751e-04,-1.685474812984466553e-02
5.276693776249885559e-02,6.754782516509294510e-03,-1.446967106312513351e-02
4.576217010617256165e-02,9.153264574706554413e-03,-1.316112931817770004e-02
4.230182617902755737e-02,2.571332268416881561e-03,-1.483024097979068756e-02
2.149807661771774292e-02,3.762363642454147339e-02,-5.736795254051685333e-03
2.255259826779365540e-02,3.130186721682548523e-02,7.708740886300802231e-04
2.486572228372097015e-02,2.380165457725524902e-02,-4.570422228425741196e-03
-5.781609099358320236e-03,-3.542321920394897461e-02,-4.466909915208816528e-02
-1.587036252021789551e-02,-3.817393258213996887e-02,-5.172443017363548279e-02
6.102265324443578720e-03,2.646758779883384705e-02,7.395016960799694061e-03
1.149780303239822388e-02,6.423930078744888306e-02,8.955838158726692200e-03
1.533300429582595825e-02,6.252104043960571289e-02,1.213866099715232849e-02
1.782422140240669250e-02,4.837246239185333252e-02,2.367835724726319313e-03
1.310091372579336166e-02,5.178695544600486755e-02,-1.092696213163435459e-03
5.290511180646717548e-04,3.571327775716781616e-02,1.006075832992792130e-02
6.951692979782819748e-03,3.316624835133552551e-02,1.020140200853347778e-02
6.820637267082929611e-03,3.669441118836402893e-02,1.223998516798019409e-02
1.172094722278416157e-03,4.021319374442100525e-02,1.281621772795915604e-02
-3.260704129934310913e-02,1.817968115210533142e-02,-3.704536473378539085e-03
-3.099634312093257904e-02,1.100344117730855942e-02,-5.851688329130411148e-03
-2.002370776608586311e-03,3.759799525141716003e-02,-1.199757214635610580e-02
9.430739097297191620e-03,4.006200656294822693e-02,-1.504985243082046509e-02
1.251497305929660797e-02,3.388943150639533997e-02,-2.297901734709739685e-02
-1.337757240980863571e-02,1.420852029696106911e-03,-1.402526814490556717e-02
-1.765777915716171265e-02,7.224305998533964157e-03,-6.370560731738805771e-03
-2.127783186733722687e-02,6.500942632555961609e-03,-8.116378448903560638e-03
2.436677605146542192e-04,1.831501163542270660e-02,1.462703919969499111e-03
1.547552674310281873e-04,2.662539854645729065e-02,6.712791975587606430e-03
-4.347176291048526764e-03,2.196513488888740540e-02,2.829117467626929283e-03
-3.680491121485829353e-03,1.530689839273691177e-02,-1.965483184903860092e-03
-3.715543448925018311e-02,-1.468712929636240005e-02,-5.157477036118507385e-02
-3.836023807525634766e-02,-2.397630177438259125e-02,-4.570451751351356506e-02
1.520558260381221771e-02,6.671870499849319458e-02,2.184216119349002838e-02
1.595087535679340363e-02,6.319505721330642700e-02,1.918290928006172180e-02
-9.336450137197971344e-03,-5.375241860747337341e-03,-2.236809767782688141e-02
1.455631572753190994e-02,2.572447061538696289e-02,-3.311993926763534546e-02
-5.583176854997873306e-03,-1.253517903387546539e-02,-3.060490265488624573e-02
-3.750327229499816895e-02,1.922185719013214111e-02,-2.339227125048637390e-02
-4.056775197386741638e-02,1.555950380861759186e-02,-1.997140422463417053e-02
-4.046860709786415100e-02,2.129756286740303040e-02,-1.626475341618061066e-02
-3.984960168600082397e-02,2.492948435246944427e-02,-1.968462951481342316e-02
-9.386935271322727203e-04,5.453135073184967041e-02,1.997887901961803436e-02
4.210876766592264175e-03,5.349138006567955017e-02,2.271262556314468384e-02
3.363200230523943901e-03,5.829116329550743103e-02,2.489837631583213806e-02
-1.402579364366829395e-03,5.949455127120018005e-02,2.214445732533931732e-02
1.248353347182273865e-02,3.228135779500007629e-02,9.565080516040325165e-03
1.800718158483505249e-02,3.265610337257385254e-02,7.423285860568284988e-03
1.713757216930389404e-02,3.941811993718147278e-02,1.047807652503252029e-02
1.208716724067926407e-02,3.743977099657058716e-02,1.269460562616586685e-02
2.029964886605739594e-02,3.846484050154685974e-02,3.188571194186806679e-03
1.916697807610034943e-02,4.383028298616409302e-02,6.360511761158704758e-03
-2.424072939902544022e-03,5.766848474740982056e-02,1.468235068023204803e-02
4.126932471990585327e-04,6.206931173801422119e-02,8.857890032231807709e-03
8.734364528208971024e-04,4.998076707124710083e-02,1.240335521288216114e-03
-1.108552329242229462e-03,4.630620777606964111e-02,8.798971772193908691e-03
-1.327609270811080933e-02,2.900179475545883179e-03,-6.084473803639411926e-02
-2.184195443987846375e-02,-4.091696813702583313e-03,-6.212532892823219299e-02
-2.756905928254127502e-02,1.673403894528746605e-03,-5.062664672732353210e-02
-3.347359970211982727e-02,8.716283366084098816e-03,-4.033333063125610352e-02
-3.655021265149116516e-02,1.457711681723594666e-02,-2.873850241303443909e-02
-2.802597545087337494e-02,2.261179871857166290e-02,-2.797086164355278015e-02
-3.306462615728378296e-02,-4.164283629506826401e-03,-5.224581435322761536e-02
-5.426523741334676743e-03,3.556515276432037354e-02,-1.017999020405113697e-03
6.981025217100977898e-05,4.062303155660629272e-02,-5.375497508794069290e-03
-5.604756996035575867e-03,3.844264894723892212e-02,-6.423855666071176529e-03
-1.185864582657814026e-02,-1.649132557213306427e-02,-3.176935762166976929e-02
1.642753370106220245e-02,5.962809175252914429e-02,1.603861153125762939e-02
2.378440275788307190e-02,-3.539382014423608780e-03,-7.821399718523025513e-02
1.183496881276369095e-02,-1.961574424058198929e-03,-8.247528970241546631e-02
1.118834316730499268e-02,6.590409320779144764e-04,-7.403425127267837524e-02
2.338608913123607635e-02,1.729222567519173026e-04,-6.950768828392028809e-02
1.033742353320121765e-02,5.367425829172134399e-02,2.249752730131149292e-02
1.470458228141069412e-02,5.614322796463966370e-02,2.032668516039848328e-02
-3.761075437068939209e-02,9.953440167009830475e-03,-7.194993551820516586e-03
-3.720718994736671448e-02,1.671664975583553314e-02,-6.819264031946659088e-03
-3.991339728236198425e-02,1.832747273147106171e-02,-9.466480463743209839e-03
-4.243883490562438965e-02,1.206449419260025024e-02,-1.072849147021770477e-02
-2.504581399261951447e-02,-8.627631701529026031e-03,-6.322525441646575928e-02
-5.199264362454414368e-02,1.640941190999001265e-04,-3.082498162984848022e-02
-4.625586047768592834e-02,1.047283038496971130e-02,-3.367781266570091248e-02
-1.605713553726673126e-02,-9.943636134266853333e-03,-7.176025956869125366e-02
-9.206457063555717468e-03,-2.483230782672762871e-03,-7.169097661972045898e-02
-6.289679091423749924e-03,-7.951552979648113251e-03,-7.938202470541000366e-02
-2.064875513315200806e-02,3.250595927238464355e-02,-1.906970888376235962e-02
-8.231025189161300659e-03,8.154447190463542938e-03,-5.742571502923965454e-02
-4.198175854980945587e-03,1.044044271111488342e-03,-6.896340101957321167e-02
-1.176076708361506462e-03,-3.240256337448954582e-03,-7.865881174802780151e-02
9.814795339480042458e-04,-6.794277112931013107e-03,-8.570010960102081299e-02
-5.822638515383005142e-03,-1.019230205565690994e-02,-8.655384927988052368e-02
5.521648563444614410e-03,6.463447958230972290e-02,7.653618697077035904e-03
1.458793121855705976e-04,6.636161357164382935e-02,1.193180959671735764e-02
-5.917838774621486664e-03,-1.231621764600276947e-02,-9.533232450485229492e-02
2.485623583197593689e-03,-9.690017439424991608e-03,-9.358883649110794067e-02
3.137222491204738617e-03,5.019561387598514557e-03,-6.559463590383529663e-02
1.129492092877626419e-02,8.362976834177970886e-03,-6.112458929419517517e-02
-1.032655243761837482e-03,1.177254877984523773e-02,-5.455362424254417419e-02
7.719163317233324051e-03,1.563771814107894897e-02,-4.903762415051460266e-02
-1.100131962448358536e-02,3.536678105592727661e-02,-2.032495662569999695e-02
-2.921754494309425354e-03,7.683644443750381470e-02,2.202594466507434845e-02
-2.432730281725525856e-03,6.742785125970840454e-02,1.839398033916950226e-02
-2.324271248653531075e-03,6.480622291564941406e-02,2.331037446856498718e-02
-3.989314660429954529e-03,7.512275874614715576e-02,2.520288527011871338e-02
-2.712944522500038147e-03,6.236490979790687561e-02,1.705260574817657471e-02
-1.062199444277212024e-04,6.993433088064193726e-02,1.406225003302097321e-02
1.774248294532299042e-02,1.758785545825958252e-02,-4.407134279608726501e-02
-6.245340686291456223e-03,2.929345704615116119e-02,5.753024015575647354e-03
2.304726652801036835e-02,7.049891632050275803e-03,-5.481644347310066223e-02
2.989630028605461121e-02,2.249740250408649445e-02,-3.706868365406990051e-02
3.398841619491577148e-02,1.432728301733732224e-02,-4.492202028632164001e-02
3.029602579772472382e-02,-3.540339646860957146e-03,-6.633448600769042969e-02
3.652751818299293518e-02,2.987234387546777725e-03,-5.493483319878578186e-02
3.431142494082450867e-02,-9.192967787384986877e-03,-8.222000300884246826e-02
3.206932172179222107e-02,-6.591640878468751907e-03,-7.433802634477615356e-02
4.384162276983261108e-02,9.798120707273483276e-03,-4.523958265781402588e-02
8.920049294829368591e-03,7.359889894723892212e-02,3.049990162253379822e-02
3.602234181016683578e-03,7.212515920400619507e-02,3.103451430797576904e-02
2.558947913348674774e-02,-5.567747168242931366e-03,-8.644504100084304810e-02
3.719306737184524536e-02,-3.744492772966623306e-03,-1.663094386458396912e-02
-6.046134512871503830e-03,-2.387363463640213013e-02,-3.773197904229164124e-02
-1.652978011406958103e-03,-2.039134688675403595e-02,-3.685513883829116821e-02
-2.131897397339344025e-02,-3.344815969467163086e-02,-4.473425820469856262e-02
-1.186184026300907135e-02,-2.934901416301727295e-02,-3.924740105867385864e-02
1.201194431632757187e-02,7.573182135820388794e-02,2.697813697159290314e-02
-2.687362395226955414e-02,3.079323470592498779e-02,3.312273183837532997e-04
-2.695081010460853577e-02,2.963724546134471893e-02,-1.989674987271428108e-03
5.632342025637626648e-02,9.806696325540542603e-04,-2.291060797870159149e-02
5.801064521074295044e-02,6.933388300240039825e-03,-2.002084814012050629e-02
5.705856159329414368e-02,1.730187423527240753e-02,-2.863528952002525330e-02
5.923195928335189819e-02,1.177447568625211716e-02,-2.480259351432323456e-02
5.814980342984199524e-02,5.793373566120862961e-03,-2.943272143602371216e-02
5.519387125968933105e-02,1.234150677919387817e-02,-3.413731977343559265e-02
2.990175737068057060e-03,-2.926664426922798157e-02,-4.234589636325836182e-02
-7.906102691777050495e-04,-3.063146770000457764e-02,-4.339984431862831116e-02
-3.049285337328910828e-02,-2.121973969042301178e-02,-5.929714813828468323e-02
-3.178105503320693970e-02,-2.994039654731750488e-02,-5.323674157261848450e-02
1.844343543052673340e-02,4.261985793709754944e-02,-1.840151031501591206e-03
1.586978510022163391e-02,4.066772386431694031e-02,-1.055757701396942139e-02
1.349098235368728638e-02,4.569200426340103149e-02,-5.847160704433917999e-03
6.559045519679784775e-03,5.139452591538429260e-02,-2.781877294182777405e-03
-6.313581019639968872e-03,3.473341092467308044e-02,3.730520140379667282e-03
-1.145800575613975525e-03,3.924084827303886414e-02,4.957387223839759827e-03
2.091057971119880676e-02,-3.306087106466293335e-02,-4.250114038586616516e-02
1.293751876801252365e-02,-2.408118918538093567e-02,-3.470151871442794800e-02
3.761906549334526062e-02,7.522737141698598862e-03,-1.467426214367151260e-02
4.036194086074829102e-02,1.301944721490144730e-02,-1.352729834616184235e-02
-9.428050369024276733e-03,1.073814742267131805e-02,-5.248321685940027237e-03
-2.212119661271572113e-02,3.892482072114944458e-02,-1.246949937194585800e-02
-1.368449814617633820e-02,4.181160405278205872e-02,-1.288322824984788895e-02
-1.258461084216833115e-02,1.823146454989910126e-02,7.311375811696052551e-04
9.427362121641635895e-03,7.955549657344818115e-02,2.072797715663909912e-02
1.191725861281156540e-02,7.764344662427902222e-02,2.426637895405292511e-02
6.967828143388032913e-03,4.574587568640708923e-02,-7.962670177221298218e-03
-2.820966951549053192e-02,2.635281998664140701e-03,-9.917964227497577667e-03
-2.438394911587238312e-02,3.152091428637504578e-02,-1.532434299588203430e-02
-2.593645267188549042e-02,3.591102361679077148e-02,-6.701884791254997253e-03
-5.147939547896385193e-02,-6.849304307252168655e-03,-2.494917064905166626e-02
1.438668277114629745e-02,-5.702959839254617691e-03,-9.077367931604385376e-02
1.702795620076358318e-03,6.371518224477767944e-02,2.702460438013076782e-02
-1.268991036340594292e-03,7.194186002016067505e-02,2.999860420823097229e-02
-4.892143188044428825e-04,7.811427116394042969e-02,1.915080659091472626e-02
4.302971065044403076e-03,7.928921282291412354e-02,1.792407408356666565e-02
-2.340835519134998322e-02,-3.496773540973663330e-02,-5.907909944653511047e-02
8.228318765759468079e-04,-1.790196076035499573e-02,-3.557156398892402649e-02
4.837887361645698547e-02,1.617976091802120209e-02,-3.837766870856285095e-02
5.166957899928092957e-02,2.182156406342983246e-02,-3.106104023754596710e-02
-1.541591249406337738e-02,2.400420606136322021e-02,4.332545213401317596e-03
-4.141573607921600342e-02,1.398218423128128052e-02,-2.749237418174743652e-02
-3.201093152165412903e-02,2.798735536634922028e-02,-2.376029454171657562e-02
-3.428853675723075867e-02,3.233260288834571838e-02,-2.109569869935512543e-02
-3.003204427659511566e-02,3.535362705588340759e-02,-1.519649755209684372e-02
-2.878997102379798889e-02,3.505453094840049744e-02,-7.702776696532964706e-03
-1.151345088146626949e-03,8.173917233943939209e-02,2.143651805818080902e-02
3.843305166810750961e-03,8.283071964979171753e-02,2.018843404948711395e-02
9.120655246078968048e-03,8.312988281250000000e-02,2.326252497732639313e-02
1.094290986657142639e-02,8.147153258323669434e-02,2.682134695351123810e-02
1.053831540048122406e-02,7.866133004426956177e-02,2.925898879766464233e-02
-3.796727163717150688e-03,8.096404373645782471e-02,2.431704849004745483e-02
-4.629975650459527969e-03,7.955604791641235352e-02,2.687327377498149872e-02
-2.308016410097479820e-03,7.527747005224227905e-02,3.102341666817665100e-02
-4.626252688467502594e-03,8.446788787841796875e-02,2.672245539724826813e-02
-1.963829621672630310e-03,8.826243877410888672e-02,2.535524964332580566e-02
7.489163894206285477e-03,9.254450350999832153e-02,3.252734616398811340e-02
7.646966259926557541e-03,8.972921967506408691e-02,2.780137769877910614e-02
5.897188559174537659e-03,9.133386611938476562e-02,2.827223949134349823e-02
5.035596434026956558e-03,9.460049867630004883e-02,3.148158639669418335e-02
3.279096912592649460e-03,9.835346788167953491e-02,3.424159064888954163e-02
5.444169975817203522e-03,9.603602439165115356e-02,3.577172756195068359e-02
2.911381656304001808e-03,8.980678021907806396e-02,2.554496191442012787e-02
1.112297293730080128e-03,9.453017264604568481e-02,2.922857925295829773e-02
-2.770721213892102242e-03,9.331044554710388184e-02,2.949740365147590637e-02
-4.166088998317718506e-03,9.712724387645721436e-02,3.257745876908302307e-02
-5.984026356600224972e-04,9.865514189004898071e-02,3.243901208043098450e-02
-1.122655230574309826e-03,9.045157581567764282e-02,2.661009505391120911e-02
2.992919180542230606e-03,8.851636201143264771e-02,2.425843290984630585e-02
2.664520638063549995e-03,9.880096465349197388e-02,3.777993842959403992e-02
1.734328339807689190e-03,1.001845449209213257e-01,3.591107949614524841e-02
-1.861509517766535282e-03,1.011521443724632263e-01,3.474302962422370911e-02
-2.482909010723233223e-03,1.002376824617385864e-01,3.803774341940879822e-02
1.029231213033199310e-02,8.468618243932723999e-02,2.988851070404052734e-02
7.725684903562068939e-03,9.083759039640426636e-02,3.449581936001777649e-02
4.796341527253389359e-03,9.415947645902633667e-02,3.784289211034774780e-02
1.940540620125830173e-03,9.691827744245529175e-02,3.962279856204986572e-02
5.921998061239719391e-03,8.926713466644287109e-02,3.714055195450782776e-02
3.262745914980769157e-03,9.231943637132644653e-02,3.911583498120307922e-02
3.875868860632181168e-04,9.444364160299301147e-02,4.066293314099311829e-02
2.716747578233480453e-03,8.767018467187881470e-02,3.897833824157714844e-02
7.710088393650949001e-04,9.088108688592910767e-02,4.018144682049751282e-02
6.879108492285013199e-03,7.864248752593994141e-02,3.330039978027343750e-02
9.842001833021640778e-03,8.033287525177001953e-02,3.148610517382621765e-02
-5.174157558940351009e-04,9.278453886508941650e-02,4.064589738845825195e-02
-3.197798272594809532e-03,9.870204329490661621e-02,3.935774788260459900e-02
-5.250807851552963257e-03,9.088785946369171143e-02,2.922047488391399384e-02
-6.579191423952579498e-03,9.549025446176528931e-02,3.369095921516418457e-02
-6.227924488484859467e-03,8.934336900711059570e-02,3.063906356692314148e-02
-7.523682899773120880e-03,9.397717565298080444e-02,3.489455580711364746e-02
-6.427092012017965317e-03,9.857901185750961304e-02,3.605422750115394592e-02
-4.899073392152786255e-03,9.950126707553863525e-02,3.416375815868377686e-02
7.562279235571622849e-03,7.577855885028839111e-02,3.144856542348861694e-02
1.788472407497465611e-03,7.452464848756790161e-02,3.176507726311683655e-02
9.246691479347646236e-04,7.687409967184066772e-02,3.342353925108909607e-02
-1.676967833191156387e-03,8.627755194902420044e-02,3.873347118496894836e-02
-2.972022630274295807e-03,7.789321243762969971e-02,3.240024298429489136e-02
-5.370578262954950333e-03,8.296311646699905396e-02,2.923674695193767548e-02
-6.772809661924839020e-03,8.821079879999160767e-02,3.309171274304389954e-02
-5.841548554599285126e-03,8.675090223550796509e-02,3.609907999634742737e-02
-7.176357321441173553e-03,9.199093282222747803e-02,3.643024712800979614e-02
-6.065274588763713837e-03,9.052360802888870239e-02,3.831353411078453064e-02
-2.731608459725975990e-03,9.008260071277618408e-02,4.002349823713302612e-02
-6.456469185650348663e-03,9.454067051410675049e-02,3.897352144122123718e-02
-6.951364688575267792e-03,9.693024307489395142e-02,3.748764842748641968e-02
-3.371673170477151871e-03,9.573885053396224976e-02,4.040406271815299988e-02
-5.696230567991733551e-03,9.284894168376922607e-02,3.935928642749786377e-02
-3.130660858005285263e-03,9.321248531341552734e-02,4.047195613384246826e-02
-2.778446301817893982e-02,5.932479351758956909e-02,2.423770353198051453e-02
-3.310680761933326721e-02,5.774838849902153015e-02,2.351409569382667542e-02
-3.054470941424369812e-02,5.378177389502525330e-02,2.132597193121910095e-02
-2.591954357922077179e-02,5.554047226905822754e-02,2.226104401051998138e-02
-2.406822331249713898e-02,6.831023842096328735e-02,1.485726609826087952e-02
-2.268110029399394989e-02,6.468886882066726685e-02,2.025600709021091461e-02
-2.066054753959178925e-02,6.247929856181144714e-02,1.743407920002937317e-02
-2.234135381877422333e-02,6.611520797014236450e-02,1.166308205574750900e-02
-2.977078780531883240e-02,6.883625686168670654e-02,1.025482360273599625e-02
-2.794292941689491272e-02,6.583999842405319214e-02,7.174898404628038406e-03
-2.026669308543205261e-02,6.269513815641403198e-02,9.133642539381980896e-03
-1.862103119492530823e-02,5.863721668720245361e-02,1.434149313718080521e-02
-1.084812264889478683e-02,4.274921119213104248e-02,2.504008356481790543e-03
-1.234283857047557831e-02,4.775423184037208557e-02,-2.510442398488521576e-03
-2.421781606972217560e-02,3.198442980647087097e-02,5.465595517307519913e-03
-2.686917968094348907e-02,3.540563955903053284e-02,3.467870410531759262e-03
-2.514968439936637878e-02,6.129428744316101074e-02,2.315723337233066559e-02
-2.256659977138042450e-02,5.881920829415321350e-02,2.049128711223602295e-02
-3.573319688439369202e-02,5.084114521741867065e-02,1.353632379323244095e-02
-3.232121840119361877e-02,4.896548762917518616e-02,1.747784391045570374e-02
-3.509698435664176941e-02,5.361340567469596863e-02,1.950159296393394470e-02
-3.848230466246604919e-02,5.530170723795890808e-02,1.534921210259199142e-02
-1.329321693629026413e-02,3.446158021688461304e-02,6.528338417410850525e-03
-1.881028711795806885e-02,3.139698505401611328e-02,6.889116484671831131e-03
-1.185811590403318405e-02,3.831116855144500732e-02,5.328646395355463028e-03
-3.693056479096412659e-02,5.473796278238296509e-02,8.200011216104030609e-03
-3.403620049357414246e-02,5.953726172447204590e-02,4.238669760525226593e-03
-2.551676146686077118e-02,4.683421179652214050e-02,-7.043545600026845932e-03
-2.842450514435768127e-02,4.220914095640182495e-02,-2.496074186637997627e-03
-2.029320783913135529e-02,5.489569902420043945e-02,1.757985539734363556e-02
-2.747886814177036285e-02,4.951212182641029358e-02,1.933499053120613098e-02
-2.362396754324436188e-02,5.105913802981376648e-02,1.947864145040512085e-02
-2.611560747027397156e-02,6.290388852357864380e-02,4.605504218488931656e-03
-3.631836175918579102e-02,6.306590139865875244e-02,7.239576429128646851e-03
-4.355129972100257874e-02,7.116153836250305176e-02,2.015573345124721527e-02
-4.047019779682159424e-02,6.199445948004722595e-02,1.378474943339824677e-02
-4.026662185788154602e-02,5.933663994073867798e-02,1.779891364276409149e-02
-4.505359008908271790e-02,6.896204501390457153e-02,2.398655004799365997e-02
-3.923615440726280212e-02,5.881554633378982544e-02,1.085931900888681412e-02
-3.742836415767669678e-02,6.549604237079620361e-02,1.027815882116556168e-02
-3.557638078927993774e-02,6.965722888708114624e-02,3.294723108410835266e-02
-4.069875180721282959e-02,6.810367852449417114e-02,3.184625506401062012e-02
-3.245813399553298950e-02,7.179528474807739258e-02,3.172263130545616150e-02
-1.796162314713001251e-02,4.972837120294570923e-02,-7.127251010388135910e-03
-3.025595843791961670e-02,7.538950443267822266e-02,2.288794890046119690e-02
-3.050561249256134033e-02,7.313514500856399536e-02,2.878391370177268982e-02
-3.749303519725799561e-02,5.744766443967819214e-02,2.179630473256111145e-02
-4.422648251056671143e-02,6.785244494676589966e-02,2.887120842933654785e-02
-4.086238890886306763e-02,7.332765311002731323e-02,1.798642985522747040e-02
-3.419797495007514954e-02,7.494916766881942749e-02,1.780985109508037567e-02
-4.288062080740928650e-02,7.646421343088150024e-02,2.168583497405052185e-02
-3.713826462626457214e-02,7.880968600511550903e-02,2.171954698860645294e-02
-3.293387964367866516e-02,7.969614118337631226e-02,2.665024623274803162e-02
-3.272907063364982605e-02,7.735428214073181152e-02,3.162810951471328735e-02
-3.445922955870628357e-02,7.490675151348114014e-02,3.425489738583564758e-02
-4.547218605875968933e-02,7.497876882553100586e-02,2.339192479848861694e-02
-4.733003675937652588e-02,7.273159921169281006e-02,2.676875144243240356e-02
-4.557725042104721069e-02,6.995682418346405029e-02,3.095389530062675476e-02
-4.925183579325675964e-02,7.892463356256484985e-02,2.802910842001438141e-02
-4.718588665127754211e-02,8.221182227134704590e-02,2.700020000338554382e-02
-4.265950620174407959e-02,9.192417562007904053e-02,4.050983861088752747e-02
-3.967220708727836609e-02,8.892401307821273804e-02,3.658745810389518738e-02
-4.175791889429092407e-02,8.949190378189086914e-02,3.500206023454666138e-02
-4.422713443636894226e-02,9.246374666690826416e-02,3.839180991053581238e-02
-3.765520453453063965e-02,8.663281798362731934e-02,3.139597550034523010e-02
-4.016166552901268005e-02,8.738861978054046631e-02,3.155519440770149231e-02
-4.318195953965187073e-02,8.565572649240493774e-02,2.871523424983024597e-02
-4.557554051280021667e-02,8.906240016222000122e-02,3.227845206856727600e-02
-4.950698092579841614e-02,8.608506619930267334e-02,3.145111724734306335e-02
-5.203725025057792664e-02,8.934396505355834961e-02,3.472566232085227966e-02
-4.855352267622947693e-02,9.241808950901031494e-02,3.561925515532493591e-02
-4.676036909222602844e-02,8.469559252262115479e-02,2.877164259552955627e-02
-4.664492234587669373e-02,9.454628080129623413e-02,4.002775251865386963e-02
-4.718019440770149231e-02,9.391504526138305664e-02,4.260010644793510437e-02
-4.152733460068702698e-02,8.442308753728866577e-02,2.686908654868602753e-02
-3.469507768750190735e-02,8.136050403118133545e-02,3.348331898450851440e-02
-3.940812498331069946e-02,8.700094372034072876e-02,3.885549306869506836e-02
-4.330505803227424622e-02,9.005962312221527100e-02,4.306423664093017578e-02
-4.868055880069732666e-02,9.214901924133300781e-02,4.436898976564407349e-02
-4.138753563165664673e-02,8.431670814752578735e-02,4.125904664397239685e-02
-4.509031772613525391e-02,8.792284876108169556e-02,4.436416923999786377e-02
-4.975851997733116150e-02,8.955841511487960815e-02,4.492854699492454529e-02
-4.450221359729766846e-02,8.123781532049179077e-02,4.266220331192016602e-02
-4.811032861471176147e-02,8.521543443202972412e-02,4.486415535211563110e-02
-3.860962763428688049e-02,7.376090437173843384e-02,3.675884380936622620e-02
-3.583211824297904968e-02,7.726862281560897827e-02,3.582452610135078430e-02
-4.994469135999679565e-02,8.719799667596817017e-02,4.488419741392135620e-02
-5.155959352850914001e-02,9.445480257272720337e-02,4.050757735967636108e-02
-5.274118855595588684e-02,9.238295257091522217e-02,4.266389459371566772e-02
-5.062476918101310730e-02,9.472252428531646729e-02,3.871317580342292786e-02
-5.098509043455123901e-02,8.485676348209381104e-02,3.130119293928146362e-02
-5.359367653727531433e-02,8.845610916614532471e-02,3.518844768404960632e-02
-5.253116041421890259e-02,8.313110470771789551e-02,3.212507814168930054e-02
-5.553885549306869507e-02,8.747023344039916992e-02,3.624430298805236816e-02
-5.477651208639144897e-02,9.169796854257583618e-02,3.798210248351097107e-02
-5.345515161752700806e-02,9.238701313734054565e-02,3.725351765751838684e-02
-3.717866912484169006e-02,7.195764780044555664e-02,3.490772843360900879e-02
-4.209286347031593323e-02,6.990387290716171265e-02,3.346607834100723267e-02
-4.317237436771392822e-02,7.143212854862213135e-02,3.529198467731475830e-02
-4.838238656520843506e-02,7.919545471668243408e-02,4.113746806979179382e-02
-4.689275473356246948e-02,7.168963551521301270e-02,3.256472945213317871e-02
-4.961054772138595581e-02,7.598728686571121216e-02,2.985333837568759918e-02
-5.266054347157478333e-02,8.104080706834793091e-02,3.392345830798149109e-02
-5.152531713247299194e-02,7.962303608655929565e-02,3.746791929006576538e-02
-5.573840811848640442e-02,8.581591397523880005e-02,3.777280077338218689e-02
-5.421957746148109436e-02,8.344621211290359497e-02,3.943454474210739136e-02
-5.112607032060623169e-02,8.353169262409210205e-02,4.308187216520309448e-02
-5.599835887551307678e-02,8.887771517038345337e-02,4.054894670844078064e-02
-5.563222989439964294e-02,9.077356010675430298e-02,3.918116912245750427e-02
-5.301189795136451721e-02,9.030356258153915405e-02,4.360311850905418396e-02
-5.516009777784347534e-02,8.643251657485961914e-02,4.142148792743682861e-02
-5.253750830888748169e-02,8.718641102313995361e-02,4.396424442529678345e-02
-4.556845128536224365e-02,4.827744886279106140e-02,1.028015837073326111e-02
-4.935104027390480042e-02,4.425124824047088623e-02,9.859469719231128693e-03
-4.684157669544219971e-02,4.122813045978546143e-02,8.059032261371612549e-03
-4.311093688011169434e-02,4.553667083382606506e-02,8.704263716936111450e-03
-4.588098451495170593e-02,5.619886890053749084e-02,8.226115605793893337e-04
-4.426972568035125732e-02,5.497865751385688782e-02,5.027389619499444962e-03
-4.155667126178741455e-02,5.314908921718597412e-02,2.864918904379010201e-03
-4.256555065512657166e-02,5.411629006266593933e-02,-2.265262417495250702e-03
-5.100703984498977661e-02,5.539149045944213867e-02,-1.644883886910974979e-03
-4.737570881843566895e-02,5.232926085591316223e-02,-6.432385183870792389e-03
-3.957743942737579346e-02,5.054106935858726501e-02,-5.308999214321374893e-03
-3.886933252215385437e-02,5.031872913241386414e-02,7.667067111469805241e-04
-3.146671503782272339e-02,3.846822306513786316e-02,-5.912320688366889954e-03
-3.284426778554916382e-02,4.054528102278709412e-02,-1.244764961302280426e-02
-4.405089840292930603e-02,5.176992341876029968e-02,8.297122083604335785e-03
-4.193150624632835388e-02,4.991298913955688477e-02,6.896179635077714920e-03
-5.041652172803878784e-02,3.608864173293113708e-02,1.238686032593250275e-03
-4.813178628683090210e-02,3.570664674043655396e-02,4.427149426192045212e-03
-5.099240690469741821e-02,3.930608183145523071e-02,5.884102545678615570e-03
-5.359495431184768677e-02,3.968488052487373352e-02,3.056896617636084557e-03
-3.129795566201210022e-02,2.790959365665912628e-02,-3.951574908569455147e-04
-3.447715193033218384e-02,2.357293292880058289e-02,-2.302043139934539795e-03
-3.126902878284454346e-02,3.357763215899467468e-02,-1.474370830692350864e-03
-5.284250527620315552e-02,3.889529779553413391e-02,-4.684060346335172653e-03
-5.103975906968116760e-02,4.348100349307060242e-02,-9.894722141325473785e-03
-4.357570037245750427e-02,3.247702121734619141e-02,-1.650276780128479004e-02
-4.345553368330001831e-02,2.799531817436218262e-02,-1.272619236260652542e-02
-3.984541818499565125e-02,4.672127589583396912e-02,4.927579779177904129e-03
-4.408768191933631897e-02,3.784792497754096985e-02,6.563749164342880249e-03
-4.108963906764984131e-02,4.216549172997474670e-02,7.333596702665090561e-03
-4.430503770709037781e-02,4.837564751505851746e-02,-9.567704051733016968e-03
-5.374101921916007996e-02,4.742919281125068665e-02,-6.772149819880723953e-03
-6.478954851627349854e-02,5.550177767872810364e-02,1.008424814790487289e-02
-5.743627995252609253e-02,4.535867646336555481e-02,2.598171995487064123e-04
-5.568237230181694031e-02,4.276446253061294556e-02,5.222306586802005768e-03
-6.493832170963287354e-02,5.298583582043647766e-02,1.327476836740970612e-02
-5.576282739639282227e-02,4.252752661705017090e-02,-2.179723232984542847e-03
-5.578032881021499634e-02,5.024283379316329956e-02,-3.078542882576584816e-03
-5.448468029499053955e-02,5.596294626593589783e-02,1.989537104964256287e-02
-5.845417827367782593e-02,5.233137309551239014e-02,1.924940943717956543e-02
-5.240885168313980103e-02,5.856422334909439087e-02,1.708883605897426605e-02
-3.794718533754348755e-02,3.851381316781044006e-02,-1.766970008611679077e-02
-4.031544178724288940e-02,2.299787849187850952e-02,-7.375849410891532898e-03
-5.407524108886718750e-02,6.257915496826171875e-02,1.197220385074615479e-02
-5.255104973912239075e-02,6.058280169963836670e-02,1.493794750422239304e-02
-5.307080224156379700e-02,4.241860657930374146e-02,7.880953140556812286e-03
-6.269857287406921387e-02,5.138020962476730347e-02,1.665818318724632263e-02
-6.276580691337585449e-02,5.861075222492218018e-02,7.505532354116439819e-03
-5.766451358795166016e-02,6.206237524747848511e-02,7.708991412073373795e-03
-6.506731361150741577e-02,6.074342504143714905e-02,1.129692420363426208e-02
-6.020650640130043030e-02,6.409937888383865356e-02,1.107875816524028778e-02
-5.613718554377555847e-02,6.502873450517654419e-02,1.512816920876502991e-02
-5.446593090891838074e-02,6.288497149944305420e-02,1.821042224764823914e-02
-5.453740432858467102e-02,6.051189452409744263e-02,2.057705819606781006e-02
-6.757921725511550903e-02,5.824692919850349426e-02,1.347518526017665863e-02
-6.771281361579895020e-02,5.600882694125175476e-02,1.625280082225799561e-02
-6.383926421403884888e-02,5.272762477397918701e-02,1.845197565853595734e-02
-6.978169828653335571e-02,6.063049659132957458e-02,1.664880104362964630e-02
-6.820376217365264893e-02,6.543593853712081909e-02,1.553776953369379044e-02
-6.397233903408050537e-02,7.400010526180267334e-02,2.874507009983062744e-02
-6.140348687767982483e-02,7.123795896768569946e-02,2.472306974232196808e-02
-6.245453283190727234e-02,7.118016481399536133e-02,2.398856170475482941e-02
-6.535990536212921143e-02,7.421403378248214722e-02,2.736639790236949921e-02
-5.969247967004776001e-02,6.882492452859878540e-02,1.927880570292472839e-02
-6.126642972230911255e-02,6.941791623830795288e-02,1.973012275993824005e-02
-6.403464078903198242e-02,6.872615218162536621e-02,1.725228875875473022e-02
-6.705673038959503174e-02,7.192472368478775024e-02,2.124143019318580627e-02
-7.154116779565811157e-02,6.785050779581069946e-02,2.070811204612255096e-02
-7.362128049135208130e-02,7.106043398380279541e-02,2.361615933477878571e-02
-6.935322284698486328e-02,7.482562959194183350e-02,2.455781400203704834e-02
-6.804104149341583252e-02,6.689575314521789551e-02,1.690810173749923706e-02
-6.743487715721130371e-02,7.593967765569686890e-02,2.878080308437347412e-02
-6.684359163045883179e-02,7.580484449863433838e-02,3.002687729895114899e-02
-6.331019103527069092e-02,6.762808561325073242e-02,1.565813645720481873e-02
-5.686999112367630005e-02,6.570439040660858154e-02,2.184877544641494751e-02
-6.035980954766273499e-02,6.935742497444152832e-02,2.693405933678150177e-02
-6.319683045148849487e-02,7.195062935352325439e-02,3.076242096722126007e-02
-6.634505093097686768e-02,7.364740222692489624e-02,3.287675604224205017e-02
-6.155810505151748657e-02,6.601850688457489014e-02,2.876280434429645538e-02
-6.421068310737609863e-02,6.927014142274856567e-02,3.180403634905815125e-02
-6.715419143438339233e-02,7.078165560960769653e-02,3.339315950870513916e-02
-6.344211101531982422e-02,6.333526223897933960e-02,2.948286384344100952e-02
-6.587946414947509766e-02,6.651260703802108765e-02,3.212802857160568237e-02
-5.781631544232368469e-02,5.794496834278106689e-02,2.328704483807086945e-02
-5.662931129336357117e-02,6.189834326505661011e-02,2.299999073147773743e-02
-6.791969388723373413e-02,6.868349760770797729e-02,3.299944475293159485e-02
-7.113283127546310425e-02,7.594516128301620483e-02,2.929615601897239685e-02
-7.207979261875152588e-02,7.338836789131164551e-02,3.222788870334625244e-02
-7.078262418508529663e-02,7.635830342769622803e-02,2.778673917055130005e-02
-7.245988398790359497e-02,6.637600064277648926e-02,2.035334706306457520e-02
-7.526385784149169922e-02,6.994016468524932861e-02,2.461421862244606018e-02
-7.291549444198608398e-02,6.391362845897674561e-02,2.143633738160133362e-02
-7.599367201328277588e-02,6.764256954193115234e-02,2.591421827673912048e-02
-7.484623044729232788e-02,7.302030175924301147e-02,2.713396772742271423e-02
-7.412239164113998413e-02,7.352153956890106201e-02,2.633596025407314301e-02
-5.601655691862106323e-02,5.679729208350181580e-02,2.155268192291259766e-02
-5.980736017227172852e-02,5.352588370442390442e-02,2.065057307481765747e-02
-6.150126829743385315e-02,5.491541326045989990e-02,2.245245128870010376e-02
-6.687755137681961060e-02,6.108031421899795532e-02,2.922123856842517853e-02
-6.530076265335083008e-02,5.445116013288497925e-02,2.028043009340763092e-02
-6.980121880769729614e-02,5.850016325712203979e-02,1.922535151243209839e-02
-7.210563123226165771e-02,6.199552491307258606e-02,2.376971021294593811e-02
-7.023046165704727173e-02,6.088544800877571106e-02,2.690532431006431580e-02
-7.469856739044189453e-02,6.576850265264511108e-02,2.769357711076736450e-02
-7.267410308122634888e-02,6.397985666990280151e-02,2.896770276129245758e-02
-6.913184374570846558e-02,6.439880281686782837e-02,3.190999478101730347e-02
-7.470927387475967407e-02,6.850386410951614380e-02,3.026504255831241608e-02
-7.574627548456192017e-02,7.102383673191070557e-02,2.868890576064586639e-02
-7.154048234224319458e-02,7.030827552080154419e-02,3.301098197698593140e-02
-7.306148856878280640e-02,6.657372415065765381e-02,3.113141469657421112e-02
-7.060962915420532227e-02,6.796602159738540649e-02,3.282571211457252502e-02
-3.748485073447227478e-02,2.181827835738658905e-02,-4.867081530392169952e-03
-6.329416483640670776e-02,2.741858921945095062e-02,-8.052084594964981079e-03
-6.557359546422958374e-02,2.428282052278518677e-02,-7.806320209056138992e-03
-6.369251012802124023e-02,2.209082804620265961e-02,-8.789307437837123871e-03
-6.069885566830635071e-02,2.469006739556789398e-02,-8.755248971283435822e-03
-6.211333721876144409e-02,3.151475638151168823e-02,-1.874158903956413269e-02
-6.132451444864273071e-02,3.190971538424491882e-02,-1.405266113579273224e-02
-5.776188150048255920e-02,2.938265353441238403e-02,-1.563502848148345947e-02
-5.855948850512504578e-02,2.895498275756835938e-02,-2.011234126985073090e-02
-6.568232178688049316e-02,2.827757969498634338e-02,-2.214108221232891083e-02
-6.265449523925781250e-02,2.588539756834506989e-02,-2.354429848492145538e-02
-5.650339648127555847e-02,2.702183090150356293e-02,-2.198052033782005310e-02
-5.522723123431205750e-02,2.697479538619518280e-02,-1.750942878425121307e-02
-4.506167769432067871e-02,1.733646541833877563e-02,-2.082244120538234711e-02
-4.570458084344863892e-02,1.712871529161930084e-02,-2.620419487357139587e-02
-5.280189961194992065e-02,-1.414346625097095966e-03,-2.263538166880607605e-02
-4.960155487060546875e-02,-1.768798450939357281e-03,-1.729923672974109650e-02
-5.348320305347442627e-02,5.300757009536027908e-03,-1.607470773160457611e-02
-5.524000152945518494e-02,4.455528687685728073e-03,-1.994331181049346924e-02
-6.180447340011596680e-02,3.030170500278472900e-02,-1.038190163671970367e-02
-5.863382294774055481e-02,2.767077647149562836e-02,-1.090299896895885468e-02
-6.571081280708312988e-02,1.480626873672008514e-02,-1.581865549087524414e-02
-6.365302950143814087e-02,1.623927988111972809e-02,-1.206631213426589966e-02
-6.594429910182952881e-02,1.941466145217418671e-02,-1.024144142866134644e-02
-6.835652887821197510e-02,1.772935129702091217e-02,-1.343706622719764709e-02
-4.667109623551368713e-02,2.236378146335482597e-03,-1.389989722520112991e-02
-4.386265575885772705e-02,5.672180559486150742e-03,-1.175989676266908646e-02
-4.706947132945060730e-02,9.967204183340072632e-03,-1.244219858199357986e-02
-5.100647360086441040e-02,7.934900000691413879e-03,-1.340721547603607178e-02
-4.548819735646247864e-02,1.467375922948122025e-02,-1.373279653489589691e-02
-6.637340784072875977e-02,1.595216244459152222e-02,-1.997325196862220764e-02
-6.471893191337585449e-02,1.941722258925437927e-02,-2.418559975922107697e-02
-5.504465103149414062e-02,6.762300617992877960e-03,-2.888363599777221680e-02
-5.516115948557853699e-02,4.458775278180837631e-03,-2.471967600286006927e-02
-5.615172535181045532e-02,2.548442780971527100e-02,-1.314899418503046036e-02
-6.122973561286926270e-02,1.926946826279163361e-02,-9.930453263223171234e-03
-5.836182832717895508e-02,2.211161516606807709e-02,-9.897206909954547882e-03
-6.078032031655311584e-02,2.428606152534484863e-02,-2.572934888303279877e-02
-6.702315062284469604e-02,2.129216864705085754e-02,-2.253405377268791199e-02
-7.811478525400161743e-02,2.578577026724815369e-02,-1.478790678083896637e-02
-7.145525515079498291e-02,1.973962597548961639e-02,-1.722259633243083954e-02
-7.075488567352294922e-02,1.960509084165096283e-02,-1.255660038441419601e-02
-7.794418185949325562e-02,2.545428089797496796e-02,-1.186381559818983078e-02
-6.889817863702774048e-02,1.825201697647571564e-02,-1.807299070060253143e-02
-6.982852518558502197e-02,2.349856309592723846e-02,-2.137646637856960297e-02
-7.048480212688446045e-02,3.321007266640663147e-02,-6.112184375524520874e-03
-7.316503673791885376e-02,2.878366410732269287e-02,-6.454327143728733063e-03
-6.926373392343521118e-02,3.538434579968452454e-02,-8.218795061111450195e-03
-4.996605962514877319e-02,1.429427973926067352e-02,-3.101631440222263336e-02
-7.027552276849746704e-02,3.632009029388427734e-02,-1.535542868077754974e-02
-6.946286559104919434e-02,3.687602654099464417e-02,-1.125095505267381668e-02
-6.824099272489547729e-02,2.174539119005203247e-02,-9.307232685387134552e-03
-7.614696770906448364e-02,2.623448520898818970e-02,-8.399723097681999207e-03
-7.677730917930603027e-02,2.829822339117527008e-02,-1.759734563529491425e-02
-7.313226908445358276e-02,3.295945376157760620e-02,-1.895433291792869568e-02
-7.924787700176239014e-02,3.197906166315078735e-02,-1.636391319334506989e-02
-7.556112110614776611e-02,3.555902466177940369e-02,-1.721521839499473572e-02
-7.283401489257812500e-02,3.856062889099121094e-02,-1.280460041016340256e-02
-7.180822640657424927e-02,3.808658942580223083e-02,-9.607411921024322510e-03
-7.196615636348724365e-02,3.642415627837181091e-02,-7.006612140685319901e-03
-8.073268830776214600e-02,2.957245148718357086e-02,-1.350597199052572250e-02
-8.041987568140029907e-02,2.871812880039215088e-02,-1.081022527068853378e-02
-7.816505432128906250e-02,2.875422686338424683e-02,-7.970671169459819794e-03
-8.381621539592742920e-02,3.290480375289916992e-02,-1.219315640628337860e-02
-8.281354606151580811e-02,3.723290190100669861e-02,-1.443803589791059494e-02
-8.217205852270126343e-02,4.709298163652420044e-02,-5.152846220880746841e-03
-7.916546612977981567e-02,4.486377164721488953e-02,-6.874917075037956238e-03
-7.985982298851013184e-02,4.476960375905036926e-02,-7.904808036983013153e-03
-8.267535269260406494e-02,4.724616557359695435e-02,-6.135416217148303986e-03
-7.611159980297088623e-02,4.206717386841773987e-02,-1.024246402084827423e-02
-7.761150598526000977e-02,4.254088550806045532e-02,-1.068834774196147919e-02
-7.901339977979660034e-02,4.061210155487060547e-02,-1.350241526961326599e-02
-8.247239142656326294e-02,4.434207826852798462e-02,-1.174566522240638733e-02
-8.697077631950378418e-02,4.080486297607421875e-02,-1.186487730592489243e-02
-8.914248645305633545e-02,4.391003027558326721e-02,-9.986230172216892242e-03
-8.504224568605422974e-02,4.681193083524703979e-02,-1.031400915235280991e-02
-8.307334780693054199e-02,3.928216919302940369e-02,-1.410093158483505249e-02
-8.462391048669815063e-02,4.927370324730873108e-02,-6.271905265748500824e-03
-8.527968078851699829e-02,4.961681738495826721e-02,-4.775536712259054184e-03
-7.795985788106918335e-02,3.945157676935195923e-02,-1.436650101095438004e-02
-7.432303577661514282e-02,4.027496278285980225e-02,-7.082416675984859467e-03
-7.902085036039352417e-02,4.433894529938697815e-02,-4.251170903444290161e-03
-8.293507993221282959e-02,4.743622243404388428e-02,-2.695356262847781181e-03
-8.662515878677368164e-02,4.912024363875389099e-02,-2.667357446625828743e-03
-7.876921445131301880e-02,4.232401400804519653e-02,-2.852125326171517372e-03
-8.359596878290176392e-02,4.585353285074234009e-02,-1.251457375474274158e-03
-8.693802356719970703e-02,4.719070345163345337e-02,-1.284033874981105328e-03
-7.980038970708847046e-02,3.939402848482131958e-02,-1.636867877095937729e-03
-8.422374725341796875e-02,4.351711645722389221e-02,-4.519694775808602571e-04
-7.519314438104629517e-02,3.484889492392539978e-02,-3.940763417631387711e-03
-7.431151717901229858e-02,3.787771984934806824e-02,-4.992522299289703369e-03
-8.686158806085586548e-02,4.561041295528411865e-02,-8.037668885663151741e-04
-8.887931704521179199e-02,4.962587356567382812e-02,-6.924172863364219666e-03
-8.995463699102401733e-02,4.826915264129638672e-02,-3.895918605849146843e-03
-8.791086077690124512e-02,4.949712008237838745e-02,-9.439984336495399475e-03
-8.780295401811599731e-02,3.942929953336715698e-02,-1.160939410328865051e-02
-9.085135906934738159e-02,4.324297606945037842e-02,-8.967232890427112579e-03
-8.820359408855438232e-02,3.739951178431510925e-02,-9.895799681544303894e-03
-9.143485128879547119e-02,4.181765392422676086e-02,-7.095790468156337738e-03
-9.111788123846054077e-02,4.658820852637290955e-02,-7.482118904590606689e-03
-8.977562934160232544e-02,4.682593047618865967e-02,-9.400980547070503235e-03
-7.348939776420593262e-02,3.404364362359046936e-02,-5.215836223214864731e-03
-7.517631351947784424e-02,3.062922507524490356e-02,-5.784900858998298645e-03
-7.760301977396011353e-02,3.203495219349861145e-02,-4.955235868692398071e-03
-8.221708983182907104e-02,3.668862581253051758e-02,-2.199384849518537521e-03
-8.051650971174240112e-02,3.042782656848430634e-02,-7.189211435616016388e-03
-8.282998949289321899e-02,3.095720335841178894e-02,-9.948461316525936127e-03
-8.739272505044937134e-02,3.596583753824234009e-02,-7.399661932140588760e-03
-8.558124303817749023e-02,3.556215390563011169e-02,-4.637013189494609833e-03
-9.070006012916564941e-02,4.111335054039955139e-02,-4.926972556859254837e-03
-8.870314806699752808e-02,4.036823660135269165e-02,-2.656385535374283791e-03
-8.627385646104812622e-02,4.111055284738540649e-02,-6.245530094020068645e-04
-9.086253494024276733e-02,4.496926069259643555e-02,-3.374410094693303108e-03
-9.154728800058364868e-02,4.595698788762092590e-02,-5.059744697064161301e-03
-8.956094086170196533e-02,4.660719633102416992e-02,-2.221839502453804016e-03
-8.957774937152862549e-02,4.380776360630989075e-02,-2.110730856657028198e-03
-8.846334367990493774e-02,4.453117027878761292e-02,-1.182107371278107166e-03
-5.402264371514320374e-02,1.146727125160396099e-03,-2.568009123206138611e-02
5.074828118085861206e-02,3.035118058323860168e-02,-1.948226802051067352e-02
4.714979603886604309e-02,2.887167222797870636e-02,-1.532476861029863358e-02
5.214702337980270386e-02,1.859461702406406403e-02,-6.743856705725193024e-03
4.758750647306442261e-02,2.227903343737125397e-02,-6.561544258147478104e-03
5.791458114981651306e-02,1.707263290882110596e-02,-8.925535716116428375e-03
6.182070821523666382e-02,2.035191841423511505e-02,-1.750243082642555237e-02
6.065889820456504822e-02,1.731890067458152771e-02,-1.333814952522516251e-02
4.523236677050590515e-02,2.631513588130474091e-02,-9.537809528410434723e-03
5.512710660696029663e-02,2.936548367142677307e-02,-2.253533154726028442e-02
6.014847010374069214e-02,2.486953698098659515e-02,-2.189772017300128937e-02
5.760191008448600769e-02,3.426522761583328247e-02,-1.827414147555828094e-02
6.272093951702117920e-02,2.970997989177703857e-02,-1.757724955677986145e-02
6.514532119035720825e-02,2.523972094058990479e-02,-1.303696259856224060e-02
6.355094164609909058e-02,2.205967530608177185e-02,-8.619713596999645233e-03
6.046299636363983154e-02,2.102313376963138580e-02,-5.261043552309274673e-03
5.222846567630767822e-02,3.509319946169853210e-02,-1.555620227009057999e-02
4.825927317142486572e-02,3.387163206934928894e-02,-1.148695964366197586e-02
4.680889099836349487e-02,2.958534285426139832e-02,-6.372743286192417145e-03
5.355690792202949524e-02,4.033691436052322388e-02,-1.078703161329030991e-02
6.185917928814888000e-02,4.505151510238647461e-02,-7.795174606144428253e-03
7.366135716438293457e-02,4.367670416831970215e-02,3.407211741432547569e-03
7.184638828039169312e-02,3.824396803975105286e-02,4.249673511367291212e-04
7.130975276231765747e-02,4.089355096220970154e-02,-9.574426803737878799e-04
7.338678091764450073e-02,4.538999870419502258e-02,1.836010836996138096e-03
7.050400972366333008e-02,3.612744063138961792e-02,-3.707699012011289597e-03
6.994318962097167969e-02,3.890041634440422058e-02,-3.682737238705158234e-03
6.729749590158462524e-02,4.179223626852035522e-02,-6.790072657167911530e-03
6.878907978534698486e-02,4.553520306944847107e-02,-4.316105041652917862e-03
6.359791010618209839e-02,4.560752213001251221e-02,-6.996746174991130829e-03
6.367920339107513428e-02,4.855210706591606140e-02,-4.942676983773708344e-03
7.041943818330764771e-02,4.936173930764198303e-02,-2.063179854303598404e-03
7.447574287652969360e-02,4.883500561118125916e-02,2.021753927692770958e-03
7.240274548530578613e-02,5.297792702913284302e-02,3.356525267008692026e-04
7.476954907178878784e-02,4.874717816710472107e-02,4.990195855498313904e-03
6.731536239385604858e-02,4.094186425209045410e-02,-7.447263691574335098e-03
6.773463636636734009e-02,2.879041805863380432e-02,-3.095878288149833679e-03
7.027433067560195923e-02,3.521579876542091370e-02,2.315719611942768097e-03
7.235188037157058716e-02,4.184780642390251160e-02,6.352013908326625824e-03
7.309532165527343750e-02,4.826625436544418335e-02,7.497612386941909790e-03
6.642785668373107910e-02,3.434802591800689697e-02,5.029502324759960175e-03
6.812623888254165649e-02,4.140578210353851318e-02,7.838884368538856506e-03
6.827970594167709351e-02,4.717433825135231018e-02,8.550410158932209015e-03
6.175449863076210022e-02,3.573748469352722168e-02,5.928907077759504318e-03
6.408292800188064575e-02,4.254899919033050537e-02,7.842710241675376892e-03
5.595304816961288452e-02,2.468403056263923645e-02,-9.574945433996617794e-04
6.275713443756103516e-02,2.457654103636741638e-02,-1.360555761493742466e-03
6.551225483417510986e-02,4.639645293354988098e-02,7.904204539954662323e-03
7.236957550048828125e-02,5.479230359196662903e-02,3.445308422669768333e-03
7.008230686187744141e-02,5.400459840893745422e-02,5.965654272586107254e-03
6.044155731797218323e-02,4.920561984181404114e-02,-4.932653158903121948e-03
6.546049565076828003e-02,5.236933007836341858e-02,-2.591569442301988602e-03
6.256300956010818481e-02,5.332663655281066895e-02,-1.759299077093601227e-03
5.694695934653282166e-02,4.827128350734710693e-02,-4.020007327198982239e-03
6.048713997006416321e-02,5.330945178866386414e-02,-1.342553732683882117e-04
6.667689234018325806e-02,5.581266060471534729e-02,7.197262602858245373e-04
6.802580505609512329e-02,5.409642308950424194e-02,-1.381345791742205620e-03
5.453072488307952881e-02,2.153498120605945587e-02,-3.500826423987746239e-03
4.929650574922561646e-02,2.436114102602005005e-02,-4.283406306058168411e-03
5.064169317483901978e-02,2.806083299219608307e-02,-2.096974290907382965e-03
5.610387027263641357e-02,3.873471915721893311e-02,4.424730315804481506e-03
4.835133999586105347e-02,3.378599882125854492e-02,-4.111472982913255692e-03
4.991995543241500854e-02,3.861466422677040100e-02,-7.873430848121643066e-03
5.501539260149002075e-02,4.667002707719802856e-02,-1.633294858038425446e-03
5.409884452819824219e-02,4.323596507310867310e-02,1.533787115477025509e-03
5.920562893152236938e-02,5.112468078732490540e-02,2.616147743538022041e-03
5.918591469526290894e-02,4.843835532665252686e-02,4.312715493142604828e-03
6.095451489090919495e-02,4.518701881170272827e-02,6.714823655784130096e-03
6.298163533210754395e-02,5.272683501243591309e-02,5.052882246673107147e-03
6.474953144788742065e-02,5.547470599412918091e-02,2.935548080131411552e-03
6.638696044683456421e-02,5.140949785709381104e-02,7.358455564826726913e-03
6.198902055621147156e-02,5.030743032693862915e-02,5.610564723610877991e-03
6.387917697429656982e-02,4.876251891255378723e-02,7.218413986265659332e-03
-4.612934589385986328e-02,-7.850487716495990753e-03,-1.896471157670021057e-02
-4.100531339645385742e-02,-4.165085963904857635e-03,-1.508430205285549164e-02
-3.861115500330924988e-02,-1.016808301210403442e-02,-1.945056766271591187e-02
-3.399112075567245483e-02,-1.754960045218467712e-02,-2.570865675806999207e-02
-3.529180586338043213e-02,-2.355813980102539062e-02,-3.506510332226753235e-02
-2.772936969995498657e-02,-1.354096643626689911e-02,-2.435737103223800659e-02
-3.283001855015754700e-02,-6.578609813004732132e-03,-1.756560243666172028e-02
-3.637471795082092285e-02,1.427648472599685192e-03,-1.096633821725845337e-02
-1.807856187224388123e-02,-1.529455929994583130e-02,-2.880281955003738403e-02
